date,open,high,low,close,volume
2023-08-25,48.70000076293945,49.20000076293945,48.04999923706055,48.400001525878906,36732928
2023-08-28,48.900001525878906,49.29999923706055,48.5,48.70000076293945,42444304
2023-08-29,49.04999923706055,50.849998474121094,48.95000076293945,49.5,107331968
2023-08-30,50,50.849998474121094,49.599998474121094,49.79999923706055,57580129
2023-08-31,50.29999923706055,50.5,49.79999923706055,50.20000076293945,37388795
2023-09-01,50.5,56.5,50.099998474121094,55.75,236065708
2023-09-04,57.70000076293945,66.9000015258789,57.150001525878906,66.69999694824219,504243805
2023-09-05,69.75,75.69999694824219,69.5,72.25,573870002
2023-09-06,73.5,74,67.25,68.75,203998733
2023-09-07,69.0999984741211,74.5,68.19999694824219,73.1500015258789,202538874
2023-09-08,74.69999694824219,77.94999694824219,74.6500015258789,77.0999984741211,179288780
2023-09-11,81.69999694824219,84.80000305175781,81.5,84.75,169943821
2023-09-12,91,92.3499984741211,77.3499984741211,82.80000305175781,395003025
2023-09-13,79.9000015258789,84.30000305175781,75.4000015258789,78.9000015258789,238578975
2023-09-14,81,82,78.75,81.25,129797195
2023-09-15,81.75,82.1500015258789,78.75,79.3499984741211,77020431
2023-09-18,79.69999694824219,79.69999694824219,76.30000305175781,76.5999984741211,73958819
2023-09-20,76,79.44999694824219,74,77.19999694824219,76414678
2023-09-21,77.19999694824219,78.25,74,74.44999694824219,52360179
2023-09-22,75,76.0999984741211,71.3499984741211,75.0999984741211,94866289
2023-09-25,76.1500015258789,78.69999694824219,74.80000305175781,76.80000305175781,85506777
2023-09-26,77.19999694824219,77.44999694824219,75.55000305175781,75.94999694824219,33138244
2023-09-27,74.8499984741211,76.69999694824219,74.8499984741211,75.4000015258789,31966561
2023-09-28,76,76.30000305175781,74.5,74.8499984741211,25011662
2023-09-29,75.30000305175781,77.55000305175781,74.5999984741211,76.55000305175781,39254526
2023-10-03,76.8499984741211,77.80000305175781,76.30000305175781,76.5999984741211,32681918
2023-10-04,76.44999694824219,76.5999984741211,73.80000305175781,75.05000305175781,34505676
2023-10-05,75.75,75.8499984741211,74,74.3499984741211,20716740
2023-10-06,74.80000305175781,76,73.80000305175781,74.8499984741211,27407523
2023-10-09,72.6500015258789,72.94999694824219,70.3499984741211,71.1500015258789,49805228
2023-10-10,71.4000015258789,76.25,71.3499984741211,75.6500015258789,75097719
2023-10-11,76.5999984741211,77.6500015258789,75.3499984741211,75.5999984741211,45128089
2023-10-12,76.05000305175781,76.0999984741211,74.80000305175781,75.0999984741211,21587597
2023-10-13,75,78.3499984741211,74.5,76.5999984741211,78755411
2023-10-16,77.19999694824219,77.25,76.19999694824219,76.30000305175781,23187941
2023-10-17,76.94999694824219,80.80000305175781,76.5999984741211,79.1500015258789,153256370
2023-10-18,79.9000015258789,80.69999694824219,77.1500015258789,77.5,60210098
2023-10-19,76.0999984741211,78.4000015258789,75.80000305175781,77.5999984741211,36281928
2023-10-20,77.5999984741211,79.25,76.6500015258789,77.05000305175781,34571282
2023-10-23,77.5,77.94999694824219,72,72.19999694824219,59336442
2023-10-25,73.4000015258789,74.9000015258789,68,70.30000305175781,67364514
2023-10-26,68.9000015258789,71.4000015258789,65.75,70.19999694824219,109965024
2023-10-27,71.4000015258789,73.1500015258789,70.44999694824219,71.94999694824219,71117911
2023-10-30,72.44999694824219,73.0999984741211,69.9000015258789,72.75,44719772
2023-10-31,73.69999694824219,74.4000015258789,72.0999984741211,72.5999984741211,44614720
2023-11-01,72.94999694824219,73.4000015258789,72.5,72.94999694824219,17172572
2023-11-02,74,74.55000305175781,72.80000305175781,73.05000305175781,22236579
2023-11-03,72.69999694824219,73.3499984741211,71.05000305175781,72.1500015258789,35993734
2023-11-06,73.0999984741211,74.19999694824219,72.6500015258789,72.80000305175781,28925365
2023-11-07,73.25,74.30000305175781,72.80000305175781,73.05000305175781,32735491
2023-11-08,73.5,76.5,73.4000015258789,75.5999984741211,61639026
2023-11-09,76,76.9000015258789,74.0999984741211,74.5999984741211,35223000
2023-11-10,74.4000015258789,74.4000015258789,73.25,74.0999984741211,20115569
2023-11-13,74.5999984741211,74.6500015258789,73.55000305175781,73.6500015258789,21466105
2023-11-15,74.4000015258789,74.80000305175781,73.1500015258789,73.5,19871941
2023-11-16,73.75,73.9000015258789,73,73.0999984741211,15227424
2023-11-17,73.4000015258789,77.5999984741211,72.69999694824219,76.9000015258789,116818430
2023-11-20,77.4000015258789,78.5,75.80000305175781,76.0999984741211,46928842
2023-11-21,76.5,78.19999694824219,76.3499984741211,76.8499984741211,49893620
2023-11-22,77.30000305175781,78.0999984741211,75.5,76.69999694824219,35591880
2023-11-23,76.80000305175781,77.4000015258789,76.3499984741211,76.5,22783082
2023-11-24,76.8499984741211,77.5,75.9000015258789,76.0999984741211,21604709
2023-11-28,76.44999694824219,76.75,75.25,75.5999984741211,25080614
2023-11-29,76,76.3499984741211,75,75.30000305175781,14635478
2023-11-30,75.44999694824219,75.44999694824219,74.1500015258789,74.6500015258789,19003196
2023-12-01,74.94999694824219,77.25,74.80000305175781,75.4000015258789,34411168
2023-12-04,78,78.1500015258789,76.1500015258789,76.4000015258789,54336061
2023-12-05,77,77.19999694824219,75.80000305175781,76.1500015258789,28021269
2023-12-06,76.5,76.55000305175781,75.5999984741211,75.80000305175781,24145206
2023-12-07,75,76.6500015258789,74.5999984741211,76.05000305175781,25013914
2023-12-08,76.0999984741211,77.6500015258789,75.5999984741211,76.5999984741211,47322739
2023-12-11,77,83.3499984741211,76.80000305175781,82.19999694824219,268676897
2023-12-12,84.44999694824219,86.5,82.05000305175781,83.05000305175781,135491070
2023-12-13,84,85.4000015258789,83.0999984741211,83.5,84559239
2023-12-14,84.94999694824219,96.19999694824219,84.80000305175781,92.6500015258789,475975248
2023-12-15,95,100.80000305175781,94.0999984741211,94.69999694824219,325150277
2023-12-18,95.9000015258789,96.3499984741211,91.25,94.3499984741211,151821592
2023-12-19,94.94999694824219,101.5,94.5,100.0999984741211,328191530
2023-12-20,102.19999694824219,104.0999984741211,91.30000305175781,92.44999694824219,263936530
2023-12-21,90.9000015258789,99.80000305175781,87.0999984741211,98.8499984741211,280904719
2023-12-22,101,101.9000015258789,96.6500015258789,97.75,137646820
2023-12-26,98.5,99.30000305175781,96.55000305175781,97.4000015258789,77725407
2023-12-27,98,98.9000015258789,96.19999694824219,96.69999694824219,48428319
2023-12-28,97.25,98.5999984741211,96.05000305175781,96.44999694824219,59468778
2023-12-29,96.69999694824219,100.5,96.5,99.3499984741211,153201085
2024-01-01,100,102.4000015258789,99.4000015258789,100.4000015258789,102849848
2024-01-02,101,101.6500015258789,97.80000305175781,100,70051082
2024-01-03,100.19999694824219,101.94999694824219,99,100.9000015258789,96843171
2024-01-04,101.69999694824219,103.5999984741211,100.9000015258789,101.30000305175781,66810041
2024-01-05,101.94999694824219,102.44999694824219,99.9000015258789,100.75,43542157
2024-01-08,101.3499984741211,101.69999694824219,99.5999984741211,99.94999694824219,38895310
2024-01-09,100.9000015258789,102.19999694824219,99.9000015258789,100.0999984741211,44804938
2024-01-10,100.44999694824219,103.5,99.55000305175781,103.05000305175781,110316122
2024-01-11,104.69999694824219,109.30000305175781,104.25,106.8499984741211,191294222
2024-01-12,109,114,108.8499984741211,113.4000015258789,199380642
2024-01-15,113.4000015258789,113.4000015258789,113.4000015258789,113.4000015258789,0
2024-01-16,138.60000610351562,146.8000030517578,136.14999389648438,141.85000610351562,492705331
2024-01-17,138,150.6999969482422,133.0500030517578,149.10000610351562,336463589
2024-01-18,153,155,136.3000030517578,146.25,272134347
2024-01-19,149.5,160.85000610351562,149.1999969482422,160.25,266085180
2024-01-23,185.8000030517578,192.8000030517578,158.75,161.3000030517578,269108130
2024-01-24,165,173.3000030517578,151,171.89999389648438,198113352
2024-01-25,174.75,178.3000030517578,171.5,173.85000610351562,100074798
2024-01-29,177.3000030517578,178.3000030517578,169.3000030517578,170.85000610351562,74341987
2024-01-30,171.39999389648438,172.14999389648438,164.14999389648438,166.64999389648438,69398771
2024-01-31,167.85000610351562,176.8000030517578,166,175.14999389648438,84194726
2024-02-01,180,183.25,168.1999969482422,169.89999389648438,165894732
2024-02-02,172.6999969482422,175,167.10000610351562,168.9499969482422,61739734
2024-02-05,170.14999389648438,170.1999969482422,160,160.5500030517578,68987316
2024-02-06,161.39999389648438,164.1999969482422,152.10000610351562,160.89999389648438,81434112
2024-02-07,164.5,165.89999389648438,159.64999389648438,162.5,36816341
2024-02-08,164.39999389648438,164.39999389648438,160.6999969482422,161.9499969482422,34218693
2024-02-09,162,162,149.14999389648438,153.6999969482422,64801528
2024-02-12,150.64999389648438,151.0500030517578,130.1999969482422,132.9499969482422,128716009
2024-02-13,132,156.3000030517578,127.6500015258789,153.4499969482422,240631230
2024-02-14,153.39999389648438,157.39999389648438,145.5,154.3000030517578,152849830
2024-02-15,156.3000030517578,161.5,154.89999389648438,158.89999389648438,77035160
2024-02-16,159.75,161.39999389648438,155,155.4499969482422,41902227
2024-02-19,156,164.35000610351562,154.35000610351562,158.64999389648438,87423359
2024-02-20,159.64999389648438,160.75,157.14999389648438,158.5,35987220
2024-02-21,158.85000610351562,160.39999389648438,153.39999389648438,154.1999969482422,35706625
2024-02-22,154.10000610351562,155.85000610351562,149.1999969482422,152.1999969482422,39315419
2024-02-23,153.6999969482422,156.39999389648438,152.6999969482422,153.1999969482422,34425812
2024-02-26,154.3000030517578,156.39999389648438,151.75,152.3000030517578,35557532
2024-02-27,152.89999389648438,156.64999389648438,151,151.60000610351562,43995103
2024-02-28,152.85000610351562,153.39999389648438,145.5,147.39999389648438,39947465
2024-02-29,146,150.25,140.8000030517578,146.75,63490121
2024-03-01,148,151.39999389648438,146.5500030517578,147.39999389648438,30685800
2024-03-04,149.39999389648438,149.5,144.64999389648438,145.5500030517578,22040025
2024-03-05,144.89999389648438,148.39999389648438,143.8000030517578,145.0500030517578,23046386
2024-03-06,145.1999969482422,145.6999969482422,140,140.5,26188126
2024-03-07,141.35000610351562,144.39999389648438,139.64999389648438,143.6999969482422,24018294
2024-03-11,144.14999389648438,147.25,140.0500030517578,141.10000610351562,24321115
2024-03-12,141.8000030517578,142.39999389648438,135.64999389648438,136.75,34760039
2024-03-13,136.75,138.8000030517578,123,124.25,88853047
2024-03-14,120.9000015258789,142.5,116.6500015258789,140.25,194522257
2024-03-15,140.6999969482422,145.85000610351562,133.5,136.9499969482422,122337843
2024-03-18,138.35000610351562,139.60000610351562,132.85000610351562,134.9499969482422,56717160
2024-03-19,134.5,137.39999389648438,133.10000610351562,135.1999969482422,46347136
2024-03-20,136.1999969482422,138.1999969482422,132.85000610351562,133.1999969482422,39345072
2024-03-21,137,137.64999389648438,134.8000030517578,135.25,35779582
2024-03-22,135.9499969482422,145.1999969482422,135,140.9499969482422,112209659
2024-03-26,142.39999389648438,148.6999969482422,140.9499969482422,145.6999969482422,120887716
2024-03-27,147.5,150.9499969482422,141.60000610351562,142.85000610351562,89910843
2024-03-28,144.9499969482422,147.8000030517578,141.3000030517578,142.35000610351562,50962525
2024-04-01,145.1999969482422,146.75,143.85000610351562,144.8000030517578,47979360
2024-04-02,146.0500030517578,148.14999389648438,144.3000030517578,146.10000610351562,59236883
2024-04-03,145,147.8000030517578,144.5,145.3000030517578,42670072
2024-04-04,147,148.3000030517578,143.5,143.75,38590096
2024-04-05,144,149.39999389648438,142.8000030517578,147.85000610351562,81853830
2024-04-08,150,152.5,147,147.5,57797243
2024-04-09,148.5500030517578,149.35000610351562,145.60000610351562,147.1999969482422,38718449
2024-04-10,147.6999969482422,148.5500030517578,146.5,146.6999969482422,20413452
2024-04-12,146.6999969482422,147.6999969482422,145,145.3000030517578,27108905
2024-04-15,138.10000610351562,142,135.3000030517578,140.25,49605843
2024-04-16,139.8000030517578,142.60000610351562,138.10000610351562,141.6999969482422,25012121
2024-04-18,143.39999389648438,145.4499969482422,141.60000610351562,141.9499969482422,24827547
2024-04-19,140,142.25,137.5,141,28016383
2024-04-22,143,145,142.39999389648438,144.10000610351562,23609150
2024-04-23,144.75,148.1999969482422,143.60000610351562,147.75,41842082
2024-04-24,149,150.4499969482422,147.5,149,44593104
2024-04-25,149,152,147.25,150.25,43990323
2024-04-26,151,159,149.60000610351562,158.0500030517578,131170998
2024-04-29,161.5,164.1999969482422,159.60000610351562,160.89999389648438,67507054
2024-04-30,161.6999969482422,161.85000610351562,156.60000610351562,157.25,49152158
2024-05-02,158.39999389648438,161.1999969482422,156.1999969482422,158.89999389648438,37976109
2024-05-03,159.8000030517578,160.5,155.14999389648438,157,31288231
2024-05-06,157.8000030517578,158.1999969482422,151.5,155.64999389648438,40457121
2024-05-07,154.4499969482422,155.10000610351562,148.5,149.8000030517578,29872858
2024-05-08,149,153.75,146.3000030517578,152.25,25210562
2024-05-09,152,152.89999389648438,146.14999389648438,147.0500030517578,21064246
2024-05-10,147.75,149.5500030517578,142.4499969482422,148.0500030517578,27205055
2024-05-13,148.0500030517578,148.4499969482422,143.10000610351562,145.89999389648438,20343612
2024-05-14,147,158,147,157.3000030517578,65039211
2024-05-15,158.89999389648438,159.8000030517578,155,155.4499969482422,45470586
2024-05-16,156.89999389648438,159.5,155.60000610351562,157.64999389648438,44997396
2024-05-17,158.4499969482422,170.5,157.10000610351562,169,189723845
2024-05-21,176.75,182,176,179.4499969482422,165354884
2024-05-22,181,183.6999969482422,173,175.64999389648438,93399530
2024-05-23,177,191.64999389648438,175.89999389648438,186.5,215698925
2024-05-24,188.8000030517578,190.8000030517578,182.75,184,87948476
2024-05-27,187,192.8000030517578,184,184.5500030517578,87126920
2024-05-28,186,187.75,177.5,180.25,79904182
2024-05-29,178.5,181.75,175.3000030517578,180.3000030517578,54953818
2024-05-30,180.3000030517578,182.10000610351562,175.8000030517578,176.60000610351562,43583688
2024-05-31,179,179.85000610351562,172.10000610351562,177.8000030517578,56435354
2024-06-03,200,200,186.3000030517578,188.9499969482422,112293004
2024-06-04,189,189,151.1999969482422,164.9499969482422,198103673
2024-06-05,168,175,153.10000610351562,166.4499969482422,114119168
2024-06-06,172,177.89999389648438,167.8000030517578,173.0500030517578,70250205
2024-06-07,173,176.4499969482422,170.10000610351562,173.60000610351562,45402104
2024-06-10,176.5500030517578,179.3000030517578,172,173.00999450683594,47647958
2024-06-11,175.39999389648438,178,173.66000366210938,176.1999969482422,66680300
2024-06-12,176.9499969482422,178.89999389648438,176.2100067138672,177.69000244140625,46384387
2024-06-13,178.6999969482422,178.9499969482422,174.5500030517578,175.1300048828125,31750295
2024-06-14,175.6999969482422,176.60000610351562,173.1999969482422,174.8000030517578,28398761
2024-06-18,176,178.60000610351562,175.0500030517578,175.7100067138672,38754538
2024-06-19,176.17999267578125,176.19000244140625,171.3300018310547,173.22000122070312,26756319
2024-06-20,173.19000244140625,174.17999267578125,171.6999969482422,172.3000030517578,17539484
2024-06-21,172.39999389648438,180.5,171.60000610351562,176.32000732421875,96727451
2024-06-24,176,180.99000549316406,174.3300018310547,176.8699951171875,50588329
2024-06-25,177.60000610351562,178.60000610351562,175.0800018310547,175.61000061035156,23352075
2024-06-26,175.69000244140625,177.25,174.1999969482422,175.0399932861328,22765762
2024-06-27,175.5,177.8000030517578,172.5,173.1699981689453,27461491
2024-06-28,174.1999969482422,175.9499969482422,173,173.80999755859375,23860432
2024-07-01,173.7899932861328,173.7899932861328,171.5,171.75999450683594,26142598
2024-07-02,172.5,173.25,170.00999450683594,171.97000122070312,19310733
2024-07-03,172.8000030517578,178,172.50999450683594,176.47999572753906,34748569
2024-07-04,177.85000610351562,180.1999969482422,176.5,177.72000122070312,35385014
2024-07-05,178.55999755859375,191.5,178.10000610351562,188.22999572753906,224563674
2024-07-08,193.5,206,193.5,202.02000427246094,260960455
2024-07-09,209.8000030517578,213.24000549316406,192.1999969482422,195.85000610351562,152536043
2024-07-10,197.67999267578125,205,193.8000030517578,203.7100067138672,171789924
2024-07-11,207.39999389648438,209.10000610351562,201.02000427246094,205.97999572753906,121502241
2024-07-12,206,224.39999389648438,204.39999389648438,217.42999267578125,300609460
2024-07-15,220.39999389648438,229,214.52999877929688,216.32000732421875,167338162
2024-07-16,218.39999389648438,221.3000030517578,211.32000732421875,212.11000061035156,86369570
2024-07-18,212,212,201.10000610351562,205.82000732421875,94398777
2024-07-19,201.1199951171875,211.47999572753906,200.6999969482422,205.77000427246094,124381385
2024-07-22,205.77000427246094,209.1999969482422,201.60000610351562,204.5800018310547,72152927
2024-07-23,207,209,164.14999389648438,194.13999938964844,167582146
2024-07-24,194.39999389648438,199.89999389648438,191.24000549316406,192.27000427246094,65395254
2024-07-25,190,191.39999389648438,183,183.55999755859375,73915719
2024-07-26,184.75,187.89999389648438,182.8000030517578,183.44000244140625,50538191
2024-07-29,185.9199981689453,197.5,184.63999938964844,195.27000427246094,109648645
2024-07-30,196.8000030517578,198.3000030517578,193.5,195.4600067138672,58191861
2024-07-31,195.83999633789062,196.35000610351562,193.1999969482422,193.64999389648438,27603203
2024-08-01,194.64999389648438,195.64999389648438,187.67999267578125,189.77999877929688,35027956
2024-08-02,186.5,193.39999389648438,184.5800018310547,192.3300018310547,41362024
2024-08-05,180.02999877929688,185.60000610351562,178,179.3800048828125,84910762
2024-08-06,182,187,175.1300048828125,176.36000061035156,49560277
2024-08-07,181.6999969482422,183,177.0500030517578,182.41000366210938,46932256
2024-08-08,182.89999389648438,184.5,180.02999877929688,180.9199981689453,38021940
2024-08-09,182.08999633789062,182.38999938964844,179,179.7899932861328,27492189
2024-08-12,180,187.4499969482422,179.8000030517578,184.55999755859375,64022633
2024-08-13,186.5,189.4499969482422,180,181.64999389648438,45899363
2024-08-14,182.86000061035156,183.3000030517578,176.6999969482422,179.05999755859375,28173960
2024-08-16,181,182.25,178.35000610351562,178.77000427246094,19956147
2024-08-19,181.10000610351562,181.8000030517578,179.67999267578125,180.1699981689453,17803897
2024-08-20,181,181,178.1999969482422,179.91000366210938,15629517
2024-08-21,179.00999450683594,181.39999389648438,178.6999969482422,180.52999877929688,15731941
2024-08-22,181,181.97999572753906,179.9499969482422,181.44000244140625,14101752
2024-08-23,181,187.3300018310547,180,183.41000366210938,31152412
2024-08-26,184,184.1999969482422,180.6999969482422,181.0500030517578,14596223
2024-08-27,181.0500030517578,183.27000427246094,180.25,180.85000610351562,12765877
2024-08-28,181.3000030517578,183,180.5,180.9600067138672,13132709
2024-08-29,181.3000030517578,181.77999877929688,179.10000610351562,179.94000244140625,12705236
2024-08-30,180.3699951171875,181.4499969482422,178,178.6199951171875,15512791
2024-09-02,178.85000610351562,180.25,176.60000610351562,177.5399932861328,15070147
2024-09-03,178,179.1699981689453,177.08999633789062,178.4600067138672,10416245
2024-09-04,176.5,178,175.60000610351562,176.02000427246094,12223757
2024-09-05,176.6999969482422,176.85000610351562,173,173.47999572753906,15774279
2024-09-06,173.47999572753906,174.1699981689453,168.10000610351562,169.85000610351562,21770999
2024-09-09,169.83999633789062,170,165.11000061035156,168.3300018310547,20754357
2024-09-10,169,171.83999633789062,168.85000610351562,169.75,15088916
2024-09-11,170.4499969482422,170.4499969482422,165.10000610351562,165.8800048828125,11765516
2024-09-12,166.5800018310547,168.5500030517578,163.52000427246094,167.02000427246094,19024067
2024-09-13,167.99000549316406,170.66000366210938,165.97000122070312,167.25,15434229
2024-09-16,167.25,167.4499969482422,163.67999267578125,163.9600067138672,14572347
2024-09-17,164,164.32000732421875,160.1999969482422,160.60000610351562,20564052
2024-09-18,161.11000061035156,164.47999572753906,158,158.55999755859375,23122350
2024-09-19,159.4499969482422,161,151.6999969482422,155.25,39913910
2024-09-20,156,163.3000030517578,154.5800018310547,161.42999267578125,51104236
2024-09-23,163,163,158.14999389648438,159.55999755859375,19794141
2024-09-24,160,160.39999389648438,158,158.74000549316406,14786775
2024-09-25,158.6999969482422,158.6999969482422,156.3699951171875,156.94000244140625,10610463
2024-09-26,156.89999389648438,159.5399932861328,154.8300018310547,156.85000610351562,16974098
2024-09-27,156.85000610351562,158.83999633789062,156.16000366210938,156.80999755859375,13164782
2024-09-30,156.6999969482422,159.3000030517578,154.8000030517578,158.72000122070312,17775338
2024-10-01,158.6999969482422,158.6999969482422,155,155.33999633789062,17263625
2024-10-03,153,153.33999633789062,151,151.60000610351562,18663724
2024-10-04,151.60000610351562,153.44000244140625,146.8800048828125,152.07000732421875,29051138
2024-10-07,152.07000732421875,153.4499969482422,143.1999969482422,144.35000610351562,35658511
2024-10-08,144.35000610351562,152.5,141.50999450683594,151.82000732421875,43656448
2024-10-09,154.6199951171875,155.69000244140625,153,153.47999572753906,23776424
2024-10-10,154.1999969482422,154.39999389648438,151.05999755859375,151.42999267578125,10797567
2024-10-11,151.1999969482422,155.24000549316406,150.39999389648438,152.39999389648438,16029678
2024-10-14,153.5,154.14999389648438,151.00999450683594,151.35000610351562,9810920
2024-10-15,151.8699951171875,152.14999389648438,150.11000061035156,151.10000610351562,8339050
2024-10-16,151,152.75,150.5,150.75999450683594,12674832
2024-10-17,151.4600067138672,154.5,148.50999450683594,149.1199951171875,20798933
2024-10-18,148,148.39999389648438,145.32000732421875,147.67999267578125,11316090
2024-10-21,148,149,144,144.69000244140625,10148561
2024-10-22,144.1999969482422,144.69000244140625,136.50999450683594,137.67999267578125,21418863
2024-10-23,137.99000549316406,141.3699951171875,133.39999389648438,139.4199981689453,26287104
2024-10-24,139,140.85000610351562,137.4600067138672,139.02999877929688,12496782
2024-10-25,138.3300018310547,139.27999877929688,132.8000030517578,134.42999267578125,18714548
2024-10-28,134.42999267578125,145.3699951171875,134.0800018310547,143.47999572753906,32085342
2024-10-29,144.6999969482422,145.08999633789062,140.72999572753906,143.52999877929688,17495826
2024-10-30,143.60000610351562,158,142.1999969482422,155.5500030517578,94008988
2024-10-31,155.39999389648438,159.89999389648438,152.7100067138672,155.9600067138672,55531774
2024-11-01,157.14999389648438,161,156.10000610351562,158.11000061035156,10418053
2024-11-04,159,159.24000549316406,151.7100067138672,153.24000549316406,31327165
2024-11-05,153,153.1199951171875,148.61000061035156,151.44000244140625,29226153
2024-11-06,153,154.88999938964844,151.80999755859375,154.00999450683594,18123332
2024-11-07,155,157.22000122070312,152.86000061035156,153.89999389648438,19226279
2024-11-08,152,152.75,147,148.5399932861328,14681163
2024-11-11,147.50999450683594,151.1999969482422,145.32000732421875,147.39999389648438,18847259
2024-11-12,148,150.25,144.61000061035156,145.32000732421875,13172317
2024-11-13,144.6999969482422,145.89999389648438,139.3000030517578,139.6199951171875,16372099
2024-11-14,140.99000549316406,142.22999572753906,139.5,139.66000366210938,14794085
2024-11-18,140.97999572753906,141.3000030517578,137.8000030517578,138.2899932861328,13930322
2024-11-19,140.3000030517578,146.9600067138672,139.8300018310547,145.17999267578125,36796687
2024-11-21,145.2100067138672,145.69000244140625,140.75,141.6699981689453,20058952
2024-11-22,141.6699981689453,143.2899932861328,139.63999938964844,142.14999389648438,13970799
2024-11-25,149,150.6999969482422,145.64999389648438,146.30999755859375,23570160
2024-11-26,146.30999755859375,147.5,145.0500030517578,146.69000244140625,13248817
2024-11-27,146.69000244140625,151.6999969482422,145.83999633789062,150.49000549316406,22054792
2024-11-28,151.27999877929688,155.64999389648438,150.5500030517578,153.39999389648438,26332388
2024-11-29,152.99000549316406,152.99000549316406,148.8000030517578,149.33999633789062,18576066
2024-12-02,148.80999755859375,150.2100067138672,147.00999450683594,147.27999877929688,16680269
2024-12-03,148,149.25999450683594,147.52000427246094,148.1999969482422,12159196
2024-12-04,149,152.89999389648438,148.7100067138672,151.0500030517578,21984506
2024-12-05,151.0500030517578,152,149.7100067138672,150.83999633789062,11514970
2024-12-06,150.83999633789062,159.63999938964844,150.5500030517578,158,62323577
2024-12-09,159.39999389648438,160.9499969482422,157.75,159.1999969482422,29324888
2024-12-10,159.63999938964844,159.92999267578125,155.3000030517578,156.85000610351562,16690253
2024-12-11,156.85000610351562,165.99000549316406,156.5500030517578,164.91000366210938,86849772
2024-12-12,164.89999389648438,166.89999389648438,161.36000061035156,162.72999572753906,39528508
2024-12-13,161.5,161.8300018310547,156.08999633789062,159.32000732421875,27371411
2024-12-16,160,162.8000030517578,158.5,158.94000244140625,19179446
2024-12-17,158.75,160.3300018310547,156,156.66000366210938,18045496
2024-12-18,156,156.8800048828125,153.0500030517578,153.35000610351562,13692945
2024-12-19,148.5,153.49000549316406,148.10000610351562,152.83999633789062,15016841
2024-12-20,152.19000244140625,154.19000244140625,148,148.41000366210938,16336702
2024-12-23,149,150.27999877929688,146.89999389648438,147.7899932861328,14758199
2024-12-24,147.7899932861328,149.7100067138672,146.61000061035156,147.86000061035156,11854675
2024-12-26,148,149.5,145.52000427246094,146.88999938964844,11467576
2024-12-27,146.88999938964844,147.77999877929688,145.89999389648438,146.22000122070312,8487014
2024-12-30,146.0500030517578,158,144.6999969482422,153.35000610351562,40675811
2024-12-31,149.99000549316406,150.69000244140625,145.69000244140625,149.0399932861328,41308416
2025-01-01,149.6999969482422,152.88999938964844,148.3699951171875,150.35000610351562,19810452
2025-01-02,150.64999389648438,152.47000122070312,150,152.0399932861328,14368318
2025-01-03,153.39999389648438,156.8000030517578,152.83999633789062,153.6999969482422,20331510
2025-01-06,153.88999938964844,153.89999389648438,144.8000030517578,145.4199981689453,21684925
2025-01-07,146.1999969482422,147.77999877929688,144.8000030517578,146,13305286
2025-01-08,146.1999969482422,146.5,142,143.77000427246094,16306841
2025-01-09,144,144.25,140.0500030517578,140.4600067138672,12452173
2025-01-10,139.7100067138672,140.39999389648438,135.25,135.7100067138672,21705766
2025-01-13,134,135.77000427246094,127.70999908447266,128.44000244140625,30293364
2025-01-14,130,136.5,129.72000122070312,135.5500030517578,30467846
2025-01-15,140.5,140.5,134.80999755859375,137.55999755859375,34455125
2025-01-16,140,145.75,139.1999969482422,142.97999572753906,45555802
2025-01-17,142.97999572753906,146.89999389648438,141.89999389648438,146.19000244140625,30934225
2025-01-20,147.4600067138672,148.6199951171875,144.82000732421875,146.6999969482422,32579099
2025-01-21,146.60000610351562,146.60000610351562,141.36000061035156,142.38999938964844,21897756
2025-01-22,142.5,142.75,136.7100067138672,140.25,19198201
2025-01-23,139,144.39999389648438,138.11000061035156,141.3699951171875,17671282
2025-01-24,141.60000610351562,143.17999267578125,139,140.67999267578125,15843304
2025-01-27,139,139.19000244140625,135.80999755859375,137.0500030517578,15984361
2025-01-28,138,140.19000244140625,134.72000122070312,137.82000732421875,23224966
2025-01-29,138.6999969482422,142.25,138.4499969482422,141.72999572753906,19560159
2025-01-30,142.8000030517578,149.1999969482422,141.85000610351562,148.22999572753906,40194969
2025-01-31,149.17999267578125,152.57000732421875,146.25999450683594,150.94000244140625,50647026
2025-02-01,151.89999389648438,155.52000427246094,139.14999389648438,141.22000122070312,76893891
2025-02-03,137.33999633789062,139.24000549316406,133.4499969482422,136.83999633789062,36236290
2025-02-04,140,140.1999969482422,136.10000610351562,137.83999633789062,21695745
2025-02-05,137.97999572753906,140.10000610351562,137.5,137.92999267578125,13087044
2025-02-06,137.92999267578125,138.6999969482422,135.60000610351562,136.30999755859375,11527600
2025-02-07,135.99000549316406,136.1999969482422,133,133.42999267578125,16860473
2025-02-10,133.5,134.5,130.6199951171875,131.0500030517578,13464523
2025-02-11,131.33999633789062,131.64999389648438,125.5,126.25,20569801
2025-02-12,126,127.0999984741211,119.29000091552734,125.3499984741211,36495363
2025-02-13,125.5999984741211,128.8000030517578,125.3499984741211,126.56999969482422,15469045
2025-02-14,127.19999694824219,127.94999694824219,121,121.75,18631299
2025-02-17,120.72000122070312,122.83000183105469,117.87999725341797,121.77999877929688,22536906
2025-02-18,121.80000305175781,122.19000244140625,117.8499984741211,119.2699966430664,17608523
2025-02-19,118.19999694824219,125.83999633789062,117.20999908447266,124.2699966430664,33285812
2025-02-20,123.69000244140625,125.9800033569336,122.4000015258789,124.77999877929688,13856925
2025-02-21,124.80000305175781,127.5999984741211,123.73999786376953,125.11000061035156,25318595
2025-02-24,124.38999938964844,125.1500015258789,122.5,123.47000122070312,13838044
2025-02-25,123.4000015258789,125.37000274658203,122.80999755859375,123.26000213623047,13266198
2025-02-27,123.5,124,119.5,120.36000061035156,18748431
2025-02-28,118.98999786376953,119.43000030517578,111.69999694824219,112.41999816894531,28927630
2025-03-03,112.98999786376953,115.86000061035156,108.04000091552734,111.12999725341797,42918659
2025-03-04,111.19999694824219,115.3499984741211,110,114.58999633789062,42337061
2025-03-05,115.0999984741211,118.33000183105469,114.66000366210938,117.7300033569336,21555437
2025-03-06,119.51000213623047,121.37999725341797,118.80000305175781,120.58999633789062,23206624
2025-03-07,120.98999786376953,124.98999786376953,119.9000015258789,123.41999816894531,31222210
2025-03-10,124.0999984741211,125.41999816894531,118.44999694824219,119.75,21456437
2025-03-11,118,120.5999984741211,116.56999969482422,119.30000305175781,17046285
2025-03-12,120.19999694824219,121.19999694824219,118.0199966430664,119.19999694824219,13097183
2025-03-13,119.44000244140625,120,117,117.69000244140625,11472966
2025-03-17,118.01000213623047,119.72000122070312,117.61000061035156,118.7699966430664,13318439
2025-03-18,118.7699966430664,118.7699966430664,118.7699966430664,118.7699966430664,0
2025-03-19,122.5,128.5,122.25,128.11000061035156,28681078
2025-03-20,130.5,131.85000610351562,128,128.52000427246094,28721000
2025-03-21,128,130.60000610351562,127,129.66000366210938,18904126
2025-03-24,130.6999969482422,134.60000610351562,130.5,132.8000030517578,25775174
2025-03-25,134.10000610351562,134.3800048828125,128.86000061035156,129.41000366210938,24206199
2025-03-26,129.9499969482422,131.33999633789062,127.05000305175781,128.38999938964844,23494814
2025-03-27,127.48999786376953,129.19000244140625,123.69000244140625,124.33999633789062,25596858
2025-03-28,125.94999694824219,129.1999969482422,124,124.41999816894531,22400674
2025-04-01,122.80999755859375,125.20999908447266,122.36000061035156,124.37999725341797,17763188
2025-04-02,124.75,127.79000091552734,122.5,127.4800033569336,15024892
2025-04-03,125.19999694824219,129.5,125.16000366210938,129.16000366210938,16348518
2025-04-04,127.62000274658203,128.7100067138672,124.0999984741211,124.83999633789062,15394108
2025-04-07,113,124.05000305175781,113,122.41999816894531,23552525
2025-04-08,126.5,126.69000244140625,123.19999694824219,124.41000366210938,12601581
2025-04-09,124.4000015258789,124.69000244140625,122.5,123.05999755859375,9175006
2025-04-11,126,126.4000015258789,123.4000015258789,124.11000061035156,9778310
2025-04-15,125.79000091552734,128.5,125,128.27000427246094,14463246
2025-04-16,129,129.94000244140625,128.02000427246094,129.05999755859375,14424393
2025-04-17,129.99000549316406,131,128.16000366210938,129.47999572753906,18564617
2025-04-21,130,132.10000610351562,128.5800018310547,131.42999267578125,15830027
2025-04-22,132.14999389648438,133.5,130.50999450683594,132.30999755859375,14637811
2025-04-23,133,135.11000061035156,129.22999572753906,134.36000061035156,27531889
2025-04-24,135,137.66000366210938,133,133.4199981689453,28862676
2025-04-25,133.49000549316406,134.13999938964844,126.22000122070312,128.8000030517578,30370205
2025-04-28,128,129.60000610351562,125.62999725341797,127.16999816894531,27138997
2025-04-29,128.58999633789062,129.5,126.69000244140625,126.93000030517578,14094746
2025-04-30,126.98999786376953,127.25,123.5,124.47000122070312,11616287
2025-05-02,124.33999633789062,126.8499984741211,124,124.29000091552734,11822797
2025-05-05,124.86000061035156,125.88999938964844,124.11000061035156,125.01000213623047,10504976
2025-05-06,125.25,125.80000305175781,120.01000213623047,120.37000274658203,14448874
2025-05-07,116.98999786376953,121.9000015258789,116.69000244140625,121.25,16855633
2025-05-08,122.5,123.44000244140625,118,118.94000244140625,10641245
2025-05-09,115.5,117.75,114.33000183105469,116.41999816894531,18637874
2025-05-12,122.5,125.94999694824219,120.87999725341797,125.52999877929688,20291533
2025-05-13,125.69999694824219,126.0999984741211,123.30000305175781,124.76000213623047,14659708
2025-05-14,125,130.27999877929688,124.69999694824219,129.9600067138672,30886094
2025-05-15,130.60000610351562,131.8000030517578,129.36000061035156,130.24000549316406,23535264
2025-05-16,130.8000030517578,140.22000122070312,130,138.61000061035156,85471529
2025-05-19,140,143.61000061035156,139.60000610351562,141.49000549316406,56293569
2025-05-20,142,142.4499969482422,136.14999389648438,136.7100067138672,28836535
2025-05-21,136.7100067138672,139.30999755859375,135.58999633789062,138.0800018310547,19235116
2025-05-22,137,139,135.24000549316406,136.8300018310547,14976845
2025-05-23,137,137.75,134.58999633789062,136.7100067138672,15543948
2025-05-26,136.7100067138672,141,136.50999450683594,140.17999267578125,26058857
2025-05-27,140.1999969482422,140.88999938964844,138.10000610351562,139.64999389648438,17277004
2025-05-28,140.19000244140625,141.69000244140625,139.80999755859375,140.33999633789062,15877254
2025-05-29,140.89999389648438,142.24000549316406,139.1999969482422,139.9600067138672,15888843
2025-05-30,140.10000610351562,141.39999389648438,137.85000610351562,138.9499969482422,13735089
2025-06-02,138.8000030517578,143.35000610351562,138.2100067138672,142.02000427246094,26058034
2025-06-03,142.8000030517578,144.3000030517578,140.5,140.80999755859375,23097654
2025-06-04,140.80999755859375,146.7899932861328,139,144.9499969482422,60460703
2025-06-05,147.39999389648438,148,144.13999938964844,145.27000427246094,33141212
2025-06-06,145.39999389648438,147.5,143.89999389648438,146.41000366210938,25330188
2025-06-09,147.25,148.9499969482422,146.77999877929688,146.9600067138672,22597836
2025-06-10,147.6999969482422,147.80999755859375,145.02000427246094,145.22999572753906,14830978
2025-06-11,145.89999389648438,147.67999267578125,144.47000122070312,145.4499969482422,15754001
2025-06-12,145.5399932861328,146.19000244140625,140.11000061035156,140.47000122070312,17973178
2025-06-13,136.00999450683594,139.7100067138672,136.00999450683594,138.3300018310547,16264194
2025-06-16,137.35000610351562,140.2899932861328,135.55999755859375,139.94000244140625,13765113
2025-06-17,140,140.67999267578125,137.5,137.8300018310547,8450765
2025-06-18,137.75,138.5500030517578,135.6999969482422,136.02000427246094,9407593
2025-06-19,136,136.7100067138672,131.55999755859375,132.35000610351562,13365251
2025-06-20,132.35000610351562,136.10000610351562,132.3000030517578,134.1999969482422,19220459
2025-06-23,132.25,137.3699951171875,132.0500030517578,136.97999572753906,18533609
2025-06-24,138.1999969482422,140.14999389648438,138.02999877929688,138.6199951171875,13635905
2025-06-25,138.75,141.3300018310547,138.6999969482422,139.57000732421875,11326924
2025-06-26,139.57000732421875,140.32000732421875,138.1999969482422,139.8699951171875,11721046
2025-06-27,140.5,142.3000030517578,139.64999389648438,139.99000549316406,12347443
2025-06-30,140.19000244140625,142.7899932861328,140.10000610351562,141.72000122070312,11927422
2025-07-01,142.05999755859375,143.14999389648438,140.72000122070312,141.5,8315552
2025-07-02,141.5,142.60000610351562,139.39999389648438,140.30999755859375,8089405
2025-07-03,140.30999755859375,141.47999572753906,139.27000427246094,139.6999969482422,6716053
2025-07-04,139.75,140.47000122070312,138.30999755859375,139.24000549316406,6596356
2025-07-07,139.1699981689453,140,138.25,138.5399932861328,5321322
2025-07-08,138.5399932861328,139.38999938964844,136.8000030517578,138.1999969482422,6423737
2025-07-09,138.1999969482422,139,137.13999938964844,137.58999633789062,5698153
2025-07-10,137.60000610351562,138.94000244140625,136.77000427246094,137.1300048828125,5710273
2025-07-11,137,137.3699951171875,135,135.27999877929688,6923282
2025-07-14,135.25,135.39999389648438,133.6999969482422,134.11000061035156,8056755
2025-07-15,134.2899932861328,136.57000732421875,133.8000030517578,135.2899932861328,10150376
2025-07-16,135.2899932861328,136.5,135.02000427246094,135.4499969482422,7455169
2025-07-17,136,136.10000610351562,134.41000366210938,134.91000366210938,6635586
2025-07-18,134.99000549316406,135.42999267578125,133.6999969482422,133.83999633789062,6410155
2025-07-21,134.00999450683594,135.1999969482422,132.7100067138672,134.3699951171875,6919490
2025-07-22,135.0399932861328,135.1300048828125,130.50999450683594,130.77000427246094,16445046
2025-07-23,133.7100067138672,136.8000030517578,133.0399932861328,134.85000610351562,53101661
2025-07-24,135.0500030517578,138,134.35000610351562,135.64999389648438,23012532
2025-07-25,135.5,135.5,130.97999572753906,132.02999877929688,11164552
2025-07-28,131.9499969482422,134.4499969482422,130.5399932861328,130.9199981689453,10349292
2025-07-29,131,132.75999450683594,130.3800048828125,132.22000122070312,7163091
2025-07-30,132.22000122070312,133.83999633789062,130.69000244140625,131.39999389648438,7578162
2025-07-31,130.08999633789062,130.24000549316406,127,128.33999633789062,11606740
2025-08-01,128.33999633789062,129.07000732421875,126.37000274658203,126.88999938964844,8796099
2025-08-04,127.41999816894531,130.0800018310547,127.30999755859375,129.74000549316406,10135790
2025-08-05,129.72999572753906,130.60000610351562,127.88999938964844,128.36000061035156,5972558
2025-08-06,128.36000061035156,128.97000122070312,126.69000244140625,127.5199966430664,6331289
2025-08-07,127,127.94999694824219,124.0999984741211,127.25,9602587
2025-08-08,127.8499984741211,127.8499984741211,125,125.27999877929688,6290179
2025-08-11,125.27999877929688,127.48999786376953,124.55000305175781,126.81999969482422,11782258
2025-08-12,127,127.69999694824219,124.9000015258789,125.02999877929688,11311712
2025-08-13,125.0999984741211,126.62999725341797,124.9000015258789,125.6500015258789,6384343
2025-08-14,125.6500015258789,126.3499984741211,124.20999908447266,124.5,4332376
2025-08-18,125.44000244140625,126.73999786376953,124.5,124.7699966430664,6007654
2025-08-19,125.41000366210938,126.9800033569336,124.05000305175781,126.80000305175781,7350713
2025-08-20,127.33999633789062,127.72000122070312,125.80999755859375,126.7300033569336,8412432
2025-08-21,126.80000305175781,128.5500030517578,125.16999816894531,125.44000244140625,10920060
2025-08-22,125.44000244140625,126.19999694824219,124.8499984741211,124.9800033569336,4942149
2025-08-25,125.05000305175781,125.94999694824219,124.19999694824219,124.36000061035156,5148749
2025-08-26,124.25,124.61000061035156,121.0999984741211,121.19999694824219,9390576
2025-08-28,121.19999694824219,121.62999725341797,118.19999694824219,118.58000183105469,10301130
2025-08-29,119,119.6500015258789,117.33000183105469,118.11000061035156,8881411
2025-09-01,118.4000015258789,120.9000015258789,118.2300033569336,120.54000091552734,7840427
2025-09-02,121.20999908447266,125.91999816894531,120.61000061035156,122.98999786376953,21014216
2025-09-03,123.6500015258789,124.2300033569336,122.69000244140625,123.58000183105469,7336041
2025-09-04,124.08999633789062,124.55999755859375,121.20999908447266,121.62999725341797,7730498
2025-09-05,122.25,123.70999908447266,121.73999786376953,123.45999908447266,6947411
2025-09-08,124.0999984741211,125.6500015258789,123.56999969482422,124.56999969482422,7882195
2025-09-09,124.9000015258789,125.81999969482422,123.79000091552734,124.81999969482422,7614264
2025-09-10,125.0999984741211,127.2699966430664,125.05000305175781,126.18000030517578,8948090
2025-09-11,126.30999755859375,126.79000091552734,125.4000015258789,125.52999877929688,4767008
2025-09-12,125.9800033569336,126.48999786376953,125.3499984741211,126.2300033569336,5840841
2025-09-15,126.19999694824219,130.35000610351562,126.01000213623047,128.17999267578125,22257294
2025-09-16,128.4499969482422,129.2899932861328,127.5,128.9600067138672,6998422
2025-09-17,129.4499969482422,130.5,128.8000030517578,129.3300018310547,9413241
2025-09-18,129.91000366210938,130.85000610351562,128.60000610351562,129.2899932861328,7532604
2025-09-19,129.2899932861328,130.3800048828125,128.80999755859375,129.69000244140625,8686534
2025-09-22,129.25,130.44000244140625,128.25999450683594,128.5399932861328,6577881
2025-09-23,128.22999572753906,128.92999267578125,127,127.29000091552734,5860471
2025-09-24,127.30000305175781,127.72000122070312,125.30999755859375,125.58999633789062,4543381
2025-09-25,125.44999694824219,127.5,123.61000061035156,124.08000183105469,6416171
2025-09-26,124.08000183105469,124.30000305175781,121.55999755859375,121.91000366210938,5997139
2025-09-29,123.12999725341797,124.5999984741211,122.5,124.26000213623047,10555581
2025-09-30,126,126,122.55000305175781,123.51000213623047,10100674
2025-10-01,123.5,125.97000122070312,123.5,125.54000091552734,8723744
2025-10-03,125.54000091552734,127.18000030517578,125.01000213623047,125.8499984741211,6051511
2025-10-06,125.83999633789062,126.25,124.54000091552734,125.23999786376953,5113099
2025-10-07,125.5,127.48999786376953,125.05000305175781,127.08000183105469,9672645
2025-10-08,127.52999877929688,127.52999877929688,124,124.30000305175781,12875915
2025-10-09,124.91000366210938,125.3499984741211,123.80999755859375,125.06999969482422,5774638
2025-10-10,125.06999969482422,127.19999694824219,124.72000122070312,126.5,7690307
2025-10-13,125.05000305175781,126.0999984741211,124.69000244140625,125.5,6065989
2025-10-14,125.5,126.4800033569336,124,124.5199966430664,6665155
2025-10-15,125.4000015258789,128.50999450683594,124.30000305175781,124.87999725341797,17482919
2025-10-16,125.5,125.72000122070312,124.4000015258789,124.72000122070312,9719465
2025-10-17,124.72000122070312,125.16999816894531,122.70999908447266,123.5199966430664,10002889
2025-10-20,123.97000122070312,125.56999969482422,123.5999984741211,125.06999969482422,6729809
2025-10-21,125.62999725341797,126,125,125.19999694824219,2109920
2025-10-23,125.80999755859375,125.97000122070312,124.9000015258789,125.11000061035156,5009833
2025-10-24,124.7699966430664,124.9000015258789,123.55000305175781,123.7300033569336,6026631
2025-10-27,123.87999725341797,124.6500015258789,123.30999755859375,123.44999694824219,5375514
2025-10-28,123.80000305175781,124.05000305175781,122.5999984741211,122.7699966430664,5615629
2025-10-29,123.12999725341797,125.4000015258789,122.63999938964844,125.08999633789062,9132825
2025-10-30,125.19000244140625,126.25,123.55999755859375,123.94999694824219,5922925
2025-10-31,124,124.5,123.0999984741211,123.30999755859375,4768709
2025-11-03,123.25,123.66999816894531,122.70999908447266,123.0999984741211,5128145
2025-11-04,123.27999877929688,123.5,121.80000305175781,122.23999786376953,5224892
2025-11-06,122.0999984741211,122.25,120.05000305175781,120.25,6360660
2025-11-07,120,121.87000274658203,118.4000015258789,121.36000061035156,5976333
2025-11-10,121.80000305175781,122.2300033569336,120.54000091552734,120.7699966430664,4329426
2025-11-11,121,121.8499984741211,119.52999877929688,121.61000061035156,5425772
2025-11-12,121.7699966430664,123.23999786376953,121.25,121.58999633789062,6989819
2025-11-13,121.58999633789062,121.8499984741211,120.63999938964844,120.75,4559201
2025-11-14,120.68000030517578,121.98999786376953,120.4000015258789,121.01000213623047,5135998
2025-11-17,121.11000061035156,123.5,121.04000091552734,122.5,9945324
2025-11-18,122.5,122.73999786376953,120.69999694824219,120.81999969482422,4555639
2025-11-19,120.81999969482422,121.13999938964844,119.80000305175781,120.8499984741211,4336986
2025-11-20,120.8499984741211,121.58999633789062,120,120.08000183105469,4766481
2025-11-21,120.08000183105469,120.4000015258789,119,119.08999633789062,4944515
2025-11-24,119.1500015258789,119.44999694824219,116.56999969482422,116.9000015258789,8220860
2025-11-25,117.0199966430664,117.54000091552734,115.6500015258789,116.73999786376953,7566496
2025-11-26,116.8499984741211,118.58000183105469,116.66000366210938,118.08000183105469,4487936
2025-11-27,118.66999816894531,119.41999816894531,117.5999984741211,117.95999908447266,5097254
2025-11-28,117.9000015258789,118.05000305175781,116.81999969482422,117.56999969482422,4191955
2025-12-01,117.56999969482422,118.88999938964844,116.73999786376953,117.08999633789062,5036657
2025-12-02,116.91000366210938,117,116.0999984741211,116.41999816894531,4302586
2025-12-03,117.12999725341797,117.5999984741211,114.22000122070312,114.70999908447266,9455659
2025-12-04,114.70999908447266,115.9000015258789,114.4000015258789,114.8499984741211,5895759
2025-12-05,115.19000244140625,115.19000244140625,113.75,114.5999984741211,5063577
2025-12-08,114.5999984741211,114.94000244140625,110.5,111.36000061035156,8555323
2025-12-09,111.4000015258789,113.87000274658203,109.9000015258789,113.63999938964844,9736504
2025-12-10,113.62999725341797,115.12999725341797,112,112.19999694824219,4960130
2025-12-11,112.19999694824219,113.5999984741211,111.52999877929688,113.29000091552734,5799050
2025-12-12,113.29000091552734,114.0999984741211,112.62999725341797,113.81999969482422,5141588
2025-12-15,113.05000305175781,113.61000061035156,112.5,113.25,4518917
2025-12-16,113,113.2699966430664,111.5,112.01000213623047,4101452
2025-12-17,112,112.5,110.72000122070312,111.08000183105469,4984147
2025-12-18,111,112.19999694824219,109.69999694824219,110.80999755859375,6400519
2025-12-19,111.08999633789062,114.48999786376953,110.8499984741211,113.9800033569336,8954745
2025-12-22,114.52999877929688,117.80000305175781,114.08999633789062,117,16841326
2025-12-23,117.80000305175781,124.4800033569336,116.80999755859375,121.4000015258789,55006061
2025-12-24,122.5,123.83999633789062,120.54000091552734,121.48999786376953,27580407
2025-12-26,122.13999938964844,134.58999633789062,121.86000061035156,133.63999938964844,163985127
2025-12-29,135,137.1699981689453,125.75,126.3499984741211,80360842
2025-12-30,126.3499984741211,126.66999816894531,123.66000366210938,124.58999633789062,29253088
2025-12-31,124.94999694824219,127.5,124.38999938964844,124.62000274658203,27013969
2026-01-01,125.30999755859375,126.22000122070312,124.01000213623047,125.79000091552734,16340819
2026-01-02,126.44999694824219,128.9499969482422,125.58999633789062,128.47999572753906,25385604
2026-01-05,129,129.32000732421875,126.55000305175781,127.5999984741211,15730837
2026-01-06,128,129.75,126,127.22000122070312,14799487
2026-01-07,127.5,128.6300048828125,126.79000091552734,128.0399932861328,10932461
2026-01-08,128.0399932861328,129,123.80999755859375,124.2699966430664,13165701
2026-01-09,124.2300033569336,124.9800033569336,120.5999984741211,121.25,14904914
2026-01-12,121.25,123.08999633789062,119.25,122.62999725341797,16531719
2026-01-13,123.0999984741211,123.83999633789062,120.27999877929688,121.33000183105469,11459758
2026-01-14,121.33000183105469,123.29000091552734,120.6500015258789,122.01000213623047,11544717
2026-01-15,122.01000213623047,122.01000213623047,122.01000213623047,122.01000213623047,0
2026-01-16,122.38999938964844,123.88999938964844,121.58999633789062,122.19000244140625,11686581
2026-01-19,122.22000122070312,122.6500015258789,119.75,120.9000015258789,19879572
2026-01-20,121.44999694824219,121.44999694824219,115.48999786376953,116.12999725341797,33802202
2026-01-21,116.12999725341797,117.16000366210938,113.9000015258789,115.13999938964844,23802894
2026-01-22,116.5,119.33999633789062,115.61000061035156,117.0199966430664,17626259
2026-01-23,117.55000305175781,118.29000091552734,113.72000122070312,114.1500015258789,15938677
2026-01-27,114.94999694824219,115.4000015258789,112.61000061035156,114.61000061035156,18230496
2026-01-28,115.18000030517578,120.88999938964844,115.18000030517578,120.1500015258789,23452463
2026-01-29,121,121.58999633789062,118.30000305175781,120.05999755859375,19681289
2026-01-30,119.9000015258789,121.25,118.25,120.0999984741211,19011603
2026-02-02,114.98999786376953,115.80000305175781,111.52999877929688,114.93000030517578,26935344
2026-02-03,119.79000091552734,119.79000091552734,114.8499984741211,115.12000274658203,17141510
2026-02-04,115.5999984741211,116.6500015258789,114.51000213623047,116,14878650
2026-02-05,116,116.5,114.26000213623047,114.70999908447266,10242128
2026-02-06,114.5,114.97000122070312,112.58999633789062,114.52999877929688,13107658
2026-02-09,114.98999786376953,116,114.69999694824219,115.06999969482422,9623210
2026-02-10,115.44999694824219,116.69999694824219,114.91000366210938,115.45999908447266,12744272
2026-02-11,115.45999908447266,115.80000305175781,113.62000274658203,114.33000183105469,10515387
2026-02-12,114.19999694824219,114.19999694824219,112.80000305175781,113.52999877929688,10863707
2026-02-13,112.80000305175781,112.8499984741211,111.05000305175781,111.44000244140625,13084758
2026-02-16,111.44000244140625,113.41999816894531,110.56999969482422,113.18000030517578,13966955
2026-02-17,113,113.45999908447266,112.30999755859375,112.98999786376953,8157349
2026-02-18,112.9800033569336,113.75,112.02999877929688,113.30999755859375,8573114
2026-02-19,113.30999755859375,113.80999755859375,110.75,111.37999725341797,9987523
2026-02-20,111.19000244140625,112.80000305175781,110.56999969482422,111.87999725341797,11560506
2026-02-23,112,112.5,110.80000305175781,111.88999938964844,9897270
2026-02-24,111.33999633789062,111.55999755859375,109.05000305175781,109.44000244140625,13884700
2026-02-25,105.98999786376953,105.98999786376953,104.4000015258789,104.55999755859375,56904412
2026-02-26,104.4000015258789,105.29000091552734,102.54000091552734,103.2300033569336,22825499
2026-02-27,103,104.55999755859375,101.7300033569336,103.55000305175781,19027229
2026-03-02,97.5,101.3499984741211,97.19999694824219,99.33999633789062,27730177
2026-03-04,98.16000366210938,98.62999725341797,96.01000213623047,97.73999786376953,32963143
2026-03-05,98.20999908447266,99.25,97,98.8499984741211,16588277
2026-03-06,99.30999755859375,103.0999984741211,98.76000213623047,99.47000122070312,35489993
2026-03-09,97.11000061035156,97.94999694824219,95.2699966430664,97.56999969482422,16395706
2026-03-10,99.4000015258789,101.12000274658203,98.11000061035156,100.70999908447266,14800530
2026-03-11,101,101.79000091552734,99,99.25,12809686
2026-03-12,98.91999816894531,100.9000015258789,97.25,99.91999816894531,14255322
2026-03-13,98.69999694824219,99.68000030517578,97,97.19999694824219,11414655
2026-03-16,96.9000015258789,97.12999725341797,94.31999969482422,96.44000244140625,16521257
2026-03-17,96.44999694824219,97.2300033569336,95.73999786376953,96.73999786376953,9737324
2026-03-18,97.19999694824219,98.69999694824219,96.80999755859375,98.25,10580589
2026-03-19,96.30000305175781,96.98999786376953,94.72000122070312,95.04000091552734,11287455
2026-03-20,95.5,97.26000213623047,94.4000015258789,94.69000244140625,14353015
2026-03-23,93.5,93.6500015258789,89.19999694824219,89.44999694824219,17225370
2026-03-24,91.98999786376953,93.19999694824219,91,92.87000274658203,22201895
2026-03-25,93.98999786376953,96.3499984741211,93.80000305175781,95.23999786376953,17788550
2026-03-27,94.80999755859375,94.88999938964844,91.91000366210938,92.44999694824219,20674836
2026-03-30,91.44999694824219,91.5,87,87.2300033569336,25658445
2026-04-01,90.83000183105469,92.77999877929688,89.41000366210938,91.98999786376953,20132244
2026-04-02,90,92.19000244140625,88.5999984741211,91.83999633789062,19173192
2026-04-06,91.80000305175781,92.98999786376953,89.3499984741211,92.72000122070312,17311052
2026-04-07,92.69999694824219,93.58999633789062,91.58000183105469,92.93000030517578,16955456
2026-04-08,97.80000305175781,99.3499984741211,96.29000091552734,98.91000366210938,22586509
2026-04-09,99,99.5,97.0999984741211,98.48999786376953,16170504
2026-04-10,98.9000015258789,102.19999694824219,98.66000366210938,100.26000213623047,20758984
2026-04-13,97.16999816894531,99.2300033569336,96.25,98.91999816894531,16069563
2026-04-15,101,102.4000015258789,100.5999984741211,101.72000122070312,18343826
2026-04-16,103.13999938964844,104.80000305175781,102.30000305175781,103.23999786376953,21466219
2026-04-17,103.75,106.77999877929688,103.25,104.83999633789062,32766513
2026-04-20,105.13999938964844,105.13999938964844,102.30000305175781,103.0199966430664,15091460
2026-04-21,103.0199966430664,104.08999633789062,102.95999908447266,103.61000061035156,9274364
2026-04-22,103.11000061035156,106.66000366210938,102.98999786376953,105.81999969482422,21953698
2026-04-23,106,108.37999725341797,104.55000305175781,105.05999755859375,41805252
2026-04-24,105.05000305175781,105.77999877929688,103.01000213623047,103.91999816894531,14644667
2026-04-27,104.75,106.22000122070312,104.41000366210938,105.56999969482422,13917554
2026-04-28,105.58000183105469,106.75,104.77999877929688,105.13999938964844,13405170
2026-04-29,105.51000213623047,106,104.7699966430664,105.08000183105469,9523095
2026-04-30,105.05000305175781,105.06999969482422,103.0999984741211,104.20999908447266,8356443
2026-05-01,104.20999908447266,104.20999908447266,104.20999908447266,104.20999908447266,0
2026-05-04,104.80000305175781,105.66000366210938,103.31999969482422,104.41000366210938,10793514
2026-05-05,104.41000366210938,106.63999938964844,104,105.81999969482422,20280569
2026-05-06,106.45999908447266,106.94999694824219,105,106.73999786376953,12144328
2026-05-07,107.2699966430664,107.66000366210938,106.30999755859375,106.7699966430664,11251343
2026-05-08,106.66999816894531,106.9000015258789,105.6500015258789,106.02999877929688,6764649
2026-05-11,105.1500015258789,105.1500015258789,102.80000305175781,103.08000183105469,8606056
2026-05-12,102.45999908447266,103.05000305175781,99.16999816894531,99.36000061035156,10677665
2026-05-13,99.5,101.97000122070312,99.5,101.4800033569336,11227661
2026-05-14,102.29000091552734,103.62999725341797,99.58000183105469,100.19000244140625,18308366
2026-05-15,100.58000183105469,100.93000030517578,98.5,98.86000061035156,13415868
2026-05-18,98,98.0199966430664,95.16999816894531,97.66000366210938,13047543
2026-05-19,98,98.4800033569336,96.9000015258789,97.22000122070312,8673912
2026-05-20,96.19999694824219,97.30000305175781,95.6500015258789,97.12999725341797,6536277
2026-05-21,98,98.52999877929688,97.55999755859375,98.16999816894531,8098653
2026-05-22,98.16999816894531,98.41000366210938,97.4000015258789,98.19000244140625,6016639
2026-05-25,99,101.08000183105469,98.98999786376953,100.44999694824219,13515986
2026-05-26,100.5,100.83000183105469,99,99.27999877929688,8488045
2026-05-27,99.19999694824219,99.94000244140625,98.83000183105469,99.19000244140625,6755352
2026-05-28,99.19000244140625,99.19000244140625,99.19000244140625,99.19000244140625,0
2026-05-29,99.23999786376953,100.13999938964844,97.0199966430664,97.51000213623047,9652408
2026-06-01,98.19999694824219,98.4000015258789,96.0999984741211,96.2699966430664,7942957
2026-06-02,95.69999694824219,97,94.55000305175781,96.66999816894531,7592689
2026-06-03,96.66999816894531,96.72000122070312,94.63999938964844,95.75,9801364
2026-06-04,95.23999786376953,96.6500015258789,95.19999694824219,96.05999755859375,6298168
2026-06-05,96.5,97.68000030517578,95.80000305175781,96.47000122070312,8112711
2026-06-08,95.87000274658203,95.87000274658203,94.33999633789062,94.69999694824219,6307285
2026-06-09,95.20999908447266,96.19999694824219,95,96.01000213623047,6794999
2026-06-10,97,98,94.5,94.80000305175781,14178158
2026-06-11,94.29000091552734,94.30000305175781,92.66999816894531,93.33000183105469,9304606
2026-06-12,94.43000030517578,96.0999984741211,93.91000366210938,95.88999938964844,9874699
2026-06-15,97.41999816894531,98.80000305175781,96.8499984741211,97.08000183105469,10848353
2026-06-16,97.75,98.25,97.05000305175781,97.62999725341797,6900639
2026-06-17,97.88999938964844,100.97000122070312,97.51000213623047,100.44000244140625,19849822
2026-06-18,100.5199966430664,100.80000305175781,99.41000366210938,100.12999725341797,10858323
2026-06-19,99.01000213623047,100.80000305175781,98.83999633789062,99.51000213623047,13152144
2026-06-22,99.8499984741211,101.19999694824219,99.8499984741211,100.9000015258789,10258970
2026-06-23,100.9000015258789,101,98.19999694824219,98.66999816894531,9887408
2026-06-24,94,94.75,91.91000366210938,92.5,80616106
2026-06-25,91.01000213623047,92.25,91.01000213623047,91.7699966430664,50633854
2026-06-26,91.7699966430664,91.7699966430664,91.7699966430664,91.7699966430664,0
2026-06-29,91.80000305175781,92.19000244140625,90.3499984741211,90.61000061035156,19510430
2026-06-30,90.94999694824219,91.4000015258789,90.19000244140625,90.52999877929688,21360621
2026-07-01,90.9800033569336,91.91999816894531,90.44999694824219,91.18000030517578,13666959
2026-07-02,91.5999984741211,91.88999938964844,90.44999694824219,90.83000183105469,11833722
2026-07-03,91.4000015258789,91.58999633789062,90.30000305175781,90.56999969482422,11864556
2026-07-06,90.5,90.54000091552734,89.5999984741211,90.23999786376953,7950908
2026-07-07,90.61000061035156,90.61000061035156,89.6500015258789,89.91999816894531,6905670
2026-07-08,89.48999786376953,89.48999786376953,86.93000030517578,87.5,14036436
2026-07-09,87.70999908447266,88.58000183105469,87.55000305175781,88.12000274658203,6991080
2026-07-10,88.41000366210938,90,88.30999755859375,89.9000015258789,9078755
2026-07-13,89.9000015258789,89.9000015258789,88.72000122070312,89.75,6101114
2026-07-14,89.5,89.5999984741211,88.51000213623047,88.70999908447266,6693634
2026-07-15,88.80000305175781,90,88.5999984741211,88.87000274658203,7302377
2026-07-16,88.87000274658203,89.36000061035156,88.25,88.41000366210938,6202992
2026-07-17,88.5,88.80000305175781,87.91999816894531,88.41000366210938,5054877
2026-07-20,88.37999725341797,89.1500015258789,87.63999938964844,88.72000122070312,5972073
2026-07-21,88.69999694824219,89.0999984741211,88,88.30999755859375,5351993
2026-07-22,88.30999755859375,88.37999725341797,87.16999816894531,87.38999938964844,5926795
2026-07-23,87,87.87000274658203,86.51000213623047,87.02999877929688,6291068
2026-07-24,86.5,87.8499984741211,86.0199966430664,87.62000274658203,6225546
2026-07-27,88.0999984741211,88.52999877929688,88,88.12999725341797,5143354
2026-07-28,88.12999725341797,88.4000015258789,87,87.1500015258789,6530263
2026-07-29,87.4000015258789,89.63999938964844,87.3499984741211,89.12999725341797,10298238
2026-07-30,89.4000015258789,89.4000015258789,87.63999938964844,88.91999816894531,15815613
2026-07-31,89.5,89.87999725341797,88.43000030517578,89.1500015258789,12049926
2026-08-03,89.5,90.8499984741211,89.41999816894531,90.25,11813006
2026-08-04,90.38999938964844,90.48999786376953,89.55000305175781,89.5999984741211,6727736
2026-08-05,89.80999755859375,90.58000183105469,88.5,88.9000015258789,7065708
2026-08-06,88.9000015258789,89.94999694824219,88.75,89.29000091552734,7130936
2026-08-07,89.29000091552734,89.47000122070312,88.56999969482422,88.75,5732015
2026-08-10,89.16999816894531,89.16999816894531,88,88.5,6241241
2026-08-11,88.5,88.5199966430664,87.87000274658203,87.91000366210938,4430145
2026-08-12,87.91000366210938,88.3499984741211,87.48999786376953,88.26000213623047,5812334
2026-08-13,88.26000213623047,88.5999984741211,87.9000015258789,88.3499984741211,4753942
2026-08-14,88.19999694824219,88.5,87.5,87.56999969482422,3841249
2026-08-17,87.4000015258789,87.52999877929688,86.19999694824219,87.05000305175781,7575722
2026-08-18,86.76000213623047,87.55999755859375,86.05000305175781,86.11000061035156,5607787
2026-08-19,86.11000061035156,87.30000305175781,85,85.18000030517578,9477952
2026-08-20,85.44999694824219,87.19999694824219,85.30000305175781,86.47000122070312,8434193
2026-08-21,86.4800033569336,86.9800033569336,86.30000305175781,86.4000015258789,4768042
2026-08-24,86.6500015258789,87.25,85.75,85.81999969482422,6977996